<?xml version="1.0" encoding="UTF-8" standalone="no" ?>
<ApplicationInstallerManifest>
  <DefaultInstallationDirectory>/Applications/BoneQuantMRI</DefaultInstallationDirectory>
  <ApplicationName>BoneQuantMRI</ApplicationName>
  <ExecutableName>application/</ExecutableName>
  <GUID>36335cc9-9f3a-4655-871c-504090ded470</GUID>
  <ApplicationIcon>icon_48.png</ApplicationIcon>
  <Logo>temp_sidebar_long.png</Logo>
  <Version>1.0</Version>
  <InstallationNotes>In the following directions, replace MR/R2025a by the directory on the target machine where MATLAB is installed, or MR by the directory where the MATLAB Runtime is installed.

If the environment variable DYLD_LIBRARY_PATH is undefined, set it to the following string:

MR/R2025a/runtime/maca64:MR/R2025a/sys/os/maca64:MR/R2025a/bin/maca64

If it is defined, set it to the following:

${DYLD_LIBRARY_PATH}:MR/R2025a/runtime/maca64:MR/R2025a/sys/os/maca64:MR/R2025a/bin/maca64


</InstallationNotes>
  <AuthorOrganization>Nazarian Lab, BIDMC, Harvard Medical School.</AuthorOrganization>
  <Summary>Tool for analyzing MRI bone images using ROI-based segmentation and phantom calibration.

</Summary>
  <WelcomePanelText>BoneQuantMRI 1.0
Tool for analyzing MRI bone images using ROI-based segmentation and phantom calibration.



BoneQuantMRI is a lightweight research tool for analyzing bone MRI scans using ROI-based segmentation and phantom-based calibration. Designed for flexible inspection and quantitative evaluation of trabecular, cortical, and growth plate regions.

Instructions:
Load your MRI scan and optional B1 correction image to begin. Navigate, segment, and analyze regions of interest. Export summary statistics for each region.

License:
For non-commercial academic research use only.
Redistribution or clinical application is not permitted.

© 2025 Matthias Walle
Nazarian Lab, Beth Israel Medical Center, Harvard Medical School.

Matthias Walle
matthias.walle@gmail.com</WelcomePanelText>
  <MCRProducts>
    <MCRProduct>
      <ExternalProductIdentifier>35000</ExternalProductIdentifier>
    </MCRProduct>
    <MCRProduct>
      <ExternalProductIdentifier>35002</ExternalProductIdentifier>
    </MCRProduct>
    <MCRProduct>
      <ExternalProductIdentifier>35003</ExternalProductIdentifier>
    </MCRProduct>
    <MCRProduct>
      <ExternalProductIdentifier>35010</ExternalProductIdentifier>
    </MCRProduct>
    <MCRProduct>
      <ExternalProductIdentifier>35117</ExternalProductIdentifier>
    </MCRProduct>
    <MCRProduct>
      <ExternalProductIdentifier>35180</ExternalProductIdentifier>
    </MCRProduct>
  </MCRProducts>
</ApplicationInstallerManifest>
